Law Firm,City,Website,DA Score
,Agoura Hills,bpmcpa.com,39
,Agoura Hills,hubinternational.com,57
,Alameda,penumbrainc.com,57
,Alameda,symbium.com,35
,Alameda,gfalzonelaw.com,30
,Alameda,scribetx.com,31
,Alameda,thepeebleslawyer.com,33
,Alameda,ropesgray.com,59
,Alameda,abbott.com,67
,Albany,bayarea-attorney.com,31
,Alhambra,filg.us,55
,Aliso Viejo,lopezmchugh.com,38
,Aliso Viejo,wshblaw.com,35
,Aliso Viejo,brobertsonlaw.com,31
,Aliso Viejo,microvention.com,38
,Alviso,lacework.com,47
,Anaheim,jmllaw.com,38
,Anaheim,fedpractice.com,33
,Anaheim,jsminjuryfirm.com,50
,Anaheim,advancingjustice-la.org,56
,Anaheim,lflm.com,33
,Aptos,braytonlaw.com,38
,Atherton,corp.roblox.com,89
,Auburn,cunninghamlegal.com,31
,Auburn,lsnc.net,37
,Bakersfield,kernmedical.com,32
,Bakersfield,aeraenergy.com,42
,Bakersfield,kleinlaw.com,31
,Bakersfield,gbla.org,34
,Bakersfield,bakersfieldcity.us,53
,Bakersfield,ufwfoundation.org,44
,Baldwin Park,readypac.com,48
,Belmont,ringcentral.com,71
,Berkeley,ebclc.org,49
,Berkeley,canhr.org,53
,Berkeley,netivotshalom.org,36
,Berkeley,achlaw.com,30
,Berkeley,profiles.superlawyers.com,60
,Berkeley,lflegal.com,51
,Berkeley,commonaccord.org,36
,Berkeley,creeclaw.org,38
,Berkeley,eastbaysanctuary.org,32
,Berkeley,robinskaplan.com,41
,Berkeley,sfcityattorney.org,59
,Berkeley,publiclawgroup.com,30
,Berkeley,foodandwaterwatch.org,71
,Berkeley,dralegal.org,54
,Berkeley,dredf.org,58
,Berkeley,oasislegalservices.org,30
,Berkeley,hbsslaw.com,63
,Berkeley,prisonlaw.com,50
,Berkeley,adrservices.com,36
,Beverly Hills,bhba.org,40
,Beverly Hills,harderllp.com,40
,Beverly Hills,cdas.com,32
,Beverly Hills,kornberglawfirm.com,33
,Beverly Hills,dlgimmigration.com,34
,Beverly Hills,kgimmigrationlaw.com,35
,Beverly Hills,troygould.com,35
,Beverly Hills,robinsax.com,33
,Beverly Hills,tarterkrinsky.com,34
,Beverly Hills,linerlaw.com,42
,Beverly Hills,merchantgould.com,43
,Beverly Hills,fisherbroyles.com,46
,Beverly Hills,ecjlaw.com,31
,Beverly Hills,cz.law,33
,Beverly Hills,dogbitelaw.com,55
,Beverly Hills,esfandilawfirm.com,30
,Beverly Hills,czrlaw.com,33
,Beverly Hills,livenation.com,81
,Beverly Hills,bdjinjurylawyers.com,30
,Beverly Hills,realpagessites.com,46
,Beverly Hills,taxlitigator.com,34
,Beverly Hills,laseraway.com,49
,Beverly Hills,mrcentertainment.com,50
,Bishop,calindian.org,37
,Brea,mullenusa.com,46
,Brea,togetherwerise.org,58
,Burbank,thewaltdisneycompany.com,83
,Burbank,socalpersonalinjurylawyer.com,34
,Burbank,gsamusic.com,35
,Burbank,a2zlegal.com,60
,Burbank,waltdisneystudios.com,64
,Burbank,fremantle.com,60
,Burbank,agmblaw.com,32
,Burbank,horvitzlevy.com,37
,Burbank,warnerbros.com,91
,Burbank,calinterpreting.com,49
,Burbank,lucasfilm.com,69
,Burlingame,srsacquiom.com,32
,Burlingame,cpmlegal.com,52
,Burlingame,carr-mcclellan.com,31
,Calabasas,aizmanlaw.com,42
,Calabasas,thebloomfirm.com,52
,Calabasas,xperi.com,47
,Calabasas,daloisiotax.ucoz.com,91
,Calabasas,glo.com,62
,Calabasas,adamlawyer.com,31
,Calabasas,feinbergwaller.com,34
,Calabasas,ah4r.com,50
,Campbell,8x8.com,64
,Campbell,attorneyoffice.com,30
,Capistrano Beach,creativeplanning.com,49
,Carlsbad,aldavlaw.com,40
,Carlsbad,surrogacy-lawyer.com,30
,Carlsbad,meggitt.com,50
,Carlsbad,atecspine.com,41
,Carlsbad,djoglobal.com,56
,Carlsbad,f3law.com,36
,Carlsbad,stanprowse.com,30
,Carlsbad,odgerslawgroup.com,34
,Carlsbad,grandpacificresorts.com,32
,Carmichael,avvo.com,74
,Carpinteria,procore.com,59
,Carson,pamelasamuelsyoung.com,31
,Castaic,grsm.com,46
,Castro Valley,jamsadr.com,71
,Cerritos,wagnerlawgroup.com,40
,Cerritos,kemper.com,53
,Cerritos,estatelaw.simplybook.me,62
,Cerritos,mwe.com,60
,Cerritos,chugh.com,32
,Cerritos,aalrr.com,34
,Chino,shouselaw.com,60
,Chula Vista,sdcda.org,51
,Claremont,shernoff.com,33
,Commerce,commercecasino.com,45
,Commerce,lafla.org,48
,Commerce,altamed.org,50
,Concord,conconow.com,32
,Concord,kts-law.com,33
,Concord,scrantonlawfirm.com,33
,Concord,owe.com,31
,Concord,denovahomes.com,36
,Concord,mcecleanenergy.org,43
,Concord,jfcs-eastbay.org,41
,Corona,hbplaw.com,33
,Corona,mavtv.com,46
,Corona,khov.com,55
,Corona Del Mar,mediate.com,61
,Costa Mesa,ogletreedeakins.com,46
,Costa Mesa,lockelord.com,55
,Costa Mesa,lw.com,61
,Costa Mesa,manningllp.com,30
,Costa Mesa,musickpeeler.com,32
,Costa Mesa,paulhastings.com,57
,Costa Mesa,enensteinlaw.com,38
,Costa Mesa,ohaganmeyer.com,31
,Costa Mesa,dorsey.com,55
,Costa Mesa,vervemobile.com,40
,Costa Mesa,modiv.com,37
,Costa Mesa,kenneylegaldefense.us,54
,Costa Mesa,usaccidentlawyer.com,34
,Costa Mesa,lewisbrisbois.com,46
,Costa Mesa,kazlg.com,31
,Costa Mesa,haynesboone.com,57
,Costa Mesa,ogletree.com,55
,Costa Mesa,bakerlaw.com,59
,Costa Mesa,messner.com,35
,Costa Mesa,rutan.com,33
,Costa Mesa,morganlewis.com,61
,Costa Mesa,manatt.com,58
,Costa Mesa,coastkeeper.org,43
,Costa Mesa,swlaw.com,49
,Costa Mesa,sheppardmullin.com,51
,Culver City,albert.com,51
,Culver City,sonypictures.com,86
,Culver City,columbiarecords.com,68
,Culver City,losangelesemploymentlawyer.com,35
,Cupertino,apple.com,100
,Cypress,uhc.com,66
,Delano,crla.org,45
,Diamond Bar,niagarawater.com,51
,Duarte,cityofhope.org,67
,Dublin,taylorenglish.com,41
,Dublin,trinet.com,57
,Dublin,aeye.ai,46
,E Palo Alto,clsepa.org,38
,E Palo Alto,alston.com,57
,El Cajon,superiorlawcenter.com,33
,El Cajon,ccssd.org,40
,El Centro,da.imperialcounty.org,40
,El Centro,fdsdi.com,33
,El Monte,nlsla.org,36
,El Segundo,simmonsfirm.com,40
,El Segundo,apollo.com,58
,El Segundo,ellisinjurylaw.com,38
,El Segundo,crescentone.com,38
,El Segundo,lakers.com,54
,El Segundo,avasant.com,41
,El Segundo,paynefears.com,31
,El Segundo,mattel.com,86
,El Segundo,napolilaw.com,39
,El Segundo,davita.com,62
,El Segundo,ferrovial.com,63
,El Segundo,fmglaw.com,32
,El Segundo,gbw.law,36
,El Segundo,leechtishman.com,42
,Elk Grove,yourcsd.com,46
,Elk Grove,elkgrovecity.org,49
,Emeryville,dynavax.com,50
,Emeryville,ginkgobioworks.com,56
,Emeryville,schneiderwallace.com,32
,Emeryville,unioncounsel.net,32
,Emeryville,sullivanlaw.com,47
,Encinitas,bremerwhyte.com,31
,Encino,truckerhuss.com,32
,Encino,rlslawyers.com,37
,Encino,ingrooves.com,47
,Encino,smartvoter.org,58
,Encino,baronandbudd.com,50
,Encino,lewitthackman.com,32
,Encino,williamkropach.com,32
,Encino,kingsleykingsley.com,36
,Encino,actslaw.com,34
,Encino,brgslaw.com,30
,Encino,nocuffs.com,31
,Encino,losangelespersonalinjury.attorney,33
,Encino,glaserweil.com,38
,Escondido,escondido.org,56
,Escondido,liljegrenlaw.com,37
,Fairfield,solanocounty.com,58
,Folsom,apg.org,43
,Folsom,talend.com,63
,Folsom,severolegal.com,42
,Folsom,g.page,90
,Foothill Rnch,gbg.com,37
,Foster City,tuckerlaw.com,38
,Foster City,visa.com,83
,Fremont,bwslaw.com,35
,Fremont,tesla.com,89
,Fremont,pony.ai,46
,Fremont,jennykassan.com,30
,Fremont,tdsynnex.com,38
,Fremont,evictiondefense.org,37
,Fremont,corsair.com,74
,Fresno,littler.com,63
,Fresno,lcwlegal.com,40
,Fresno,rhdefense.com,32
,Fresno,scif.com,33
,Fresno,bitwiseindustries.com,44
,Fresno,legalservices.fcoe.org,41
,Fresno,matianfirm.com,31
,Fresno,centralcallegal.org,35
,Fresno,tpslawfirm.com,33
,Fresno,bakermanock.com,30
,Fresno,fennemorelaw.com,48
,Fresno,mccormickbarstow.com,39
,Fresno,statefundca.com,43
,Fresno,gvhomes.com,33
,Fullerton,skbesq.com,31
,Fullerton,gurstel.com,32
,Garden Grove,southlandind.com,39
,Glendale,bianslaw.com,54
,Glendale,jtlegalgroup.com,36
,Glendale,maisonlaw.com,31
,Glendale,dlawgroup.com,35
,Glendale,lewisroca.com,44
,Glendale,cbre.com,68
,Glendale,gurfinkel.com,30
,Glendale,margarianlaw.com,36
,Glendale,qpwblaw.com,32
,Glendale,annettestepanian.com,30
,Gold River,bpelaw.com,32
,Goleta,vlplawgroup.com,35
,Goleta,directrelief.org,68
,Goleta,appfolioinc.com,43
,Granada Hills,wipit.me,34
,Granite Bay,bbklaw.com,43
,Hayward,rmc.com,37
,Hayward,truepill.com,39
,Hayward,pulsebiosciences.com,36
,Hermosa Beach,toplawyer.law,39
,Hermosa Beach,thesimonlawgroup.com,32
,Huntington Beach,boardriders.com,48
,Huntington Beach,norman-law.com,32
,Huntington Beach,tjryanlaw.com,38
,Huntington Beach,safran-cabin.com,34
,Huntington Pk,cbecal.org,50
,Idyllwild,caltenantlaw.com,41
,Irvine,crockettlawgroup.com,31
,Irvine,jonesday.com,63
,Irvine,shb.com,48
,Irvine,hklaw.com,60
,Irvine,pacificdentalservices.com,40
,Irvine,netlist.com,41
,Irvine,mobixlabs.com,34
,Irvine,raineslaw.com,32
,Irvine,rgp.com,48
,Irvine,mycaliforniaestate.com,32
,Irvine,womblebonddickinson.com,54
,Irvine,bc-llp.com,37
,Irvine,aegislawfirm.com,30
,Irvine,ice.com,58
,Irvine,torklaw.com,39
,Irvine,kahntaxlaw.com,30
,Irvine,molfamlaw.com,30
,Irvine,goldinglawyers.com,32
,Irvine,mccunewright.com,45
,Irvine,wellsfargo.com,80
,Irvine,habbaspilaw.com,32
,Irvine,jnj.com,77
,Irvine,rshc-law.com,31
,Irvine,shimmick.com,34
,Irvine,viantinc.com,52
,Irvine,oakmontseniorliving.com,36
,Irvine,rivian.com,60
,Irvine,klasing-associates.com,42
,Irvine,orrick.com,67
,Irvine,goldbergsegalla.com,47
,Irvine,redwoodtrust.com,41
,Irvine,gtlaw.com,59
,Irvine,buchalter.com,45
,Irvine,fisherphillips.com,58
,Irvine,troutman.com,58
,Irvine,egsllp.com,37
,Irvine,nossaman.com,41
,Irvine,murchisonlaw.com,33
,Irvine,klgates.com,60
,Irvine,crowell.com,58
,Irvine,bclplaw.com,59
,Irvine,tysonmendes.com,36
,Irvine,hbblaw.com,30
,Irvine,gibsondunn.com,61
,Irvine,brownrudnick.com,54
,Irvine,morfairlaw.com.com,92
,Irvine,jacksonlewis.com,58
,Irvine,ptcom,31
,Irvine,knobbe.com,44
,Irvine,wfbm.com,31
,Irvine,allenmatkins.com,40
,Irvine,navieninc.com,41
,Irvine,cdflaborlaw.com,40
,Irvine,abbvie.com,66
,Irvine,ocpatentlawyer.com,34
,Irvine,purefinancial.com,38
,Irvine,severson.com,30
,Irvine,jmbm.com,47
,Irvine,klinedinstlaw.com,38
,Irvine,mgmlaw.com,35
,Irvine,procopio.com,45
,Irvine,manlystewart.com,46
,Irvine,coxcastle.com,40
,Irvine,wncinc.com,32
,Irvine,kajabi.com,57
,Irvine,tokarz-lawca.avvosites.com,33
,Joshua Tree,sbcountyda.org,50
,Kentfield,cal-cca.org,39
,Klamath,yuroktribe.org,50
,La Crescenta,johnhartrealestate.com,39
,La Crescenta,yeremianlaw.com,30
,La Jolla,global.lockton.com,54
,La Jolla,bonalaw.com,36
,La Jolla,bamlawca.com,34
,La Jolla,silvergate.com,47
,La Jolla,events.com,82
,Ladera Ranch,silverthorneattorneys.com,33
,Lafayette,sitkinlaw.justia.net,32
,Laguna Beach,princelobel.com,39
,Laguna Beach,daveasprey.com,43
,Lake Forest,calbar.org,44
,Lancaster,clccal.org,32
,Lancaster,parris.com,30
,Livermore,trivalleycares.org,40
,Livermore,thewinegroup.com,40
,Long Beach,lawgarcia.com,30
,Long Beach,lemonauto.com,39
,Long Beach,rhf.org,34
,Long Beach,relativityspace.com,55
,Long Beach,virginorbit.com,58
,Long Beach,tinyurl.com,94
,Long Beach,belizlaw.com,33
,Long Beach,kyl.com,31
,Long Beach,plbsh.com,31
,Long Beach,michellawyers.com,51
,Long Beach,testanlaw.com,30
,Long Beach,naylorlaw.com,30
,Long Beach,toxictorts.com,41
,Long Beach,californiaimmigration.us,34
,Long Beach,michaelwaks.com,32
,Los Alamitos,epson.com,74
,Los Alamitos,discoverybehavioralhealth.com,31
,Los Altos,calprobate.com,30
,Los Angeles,pepperlaw.com,54
,Los Angeles,lacity.org,77
,Los Angeles,carltonfields.com,49
,Los Angeles,reedsmith.com,62
,Los Angeles,amintalati.com,32
,Los Angeles,ar.ca,42
,Los Angeles,cov.com,60
,Los Angeles,cochranfirm.com,47
,Los Angeles,aidshealth.org,64
,Los Angeles,ehlinelaw.com,44
,Los Angeles,justiceinaging.org,54
,Los Angeles,esperanza-la.org,38
,Los Angeles,caimmigrant.org,48
,Los Angeles,kpmg.us,63
,Los Angeles,mccarthylawyer.com,32
,Los Angeles,whitecase.com,64
,Los Angeles,bakerbotts.com,54
,Los Angeles,merlinlawgroup.com,35
,Los Angeles,playboy.com,82
,Los Angeles,grifols.com,59
,Los Angeles,usfoods.com,60
,Los Angeles,faegredrinker.com,58
,Los Angeles,dollskill.com,69
,Los Angeles,kelleydrye.com,52
,Los Angeles,blbglaw.com,48
,Los Angeles,brownwhitelaw.com,36
,Los Angeles,sagaftra.org,71
,Los Angeles,gordonrees.com,44
,Los Angeles,ebglaw.com,53
,Los Angeles,carecen-la.org,48
,Los Angeles,fragomen.com,54
,Los Angeles,meyersnave.com,33
,Los Angeles,cozen.com,57
,Los Angeles,formerdistrictattorneys.com,31
,Los Angeles,allianceforchildrensrights.org,46
,Los Angeles,aerlawgroup.com,39
,Los Angeles,geklaw.com,31
,Los Angeles,amerilawyer.com,31
,Los Angeles,levittquinn.org,33
,Los Angeles,jungalow.com,62
,Los Angeles,losangelescriminallawyer.pro,43
,Los Angeles,aclusocal.org,63
,Los Angeles,lacriminaldefenseattorney.com,37
,Los Angeles,tubitv.com,73
,Los Angeles,goo.gl,94
,Los Angeles,stblaw.com,52
,Los Angeles,hacla.org,45
,Los Angeles,onelegacy.org,44
,Los Angeles,omnibridgeway.com,44
,Los Angeles,cisloandthomas.com,31
,Los Angeles,immdef.org,43
,Los Angeles,cirseiu.org,43
,Los Angeles,nilc.org,63
,Los Angeles,ymcala.org,50
,Los Angeles,mayerbrown.com,62
,Los Angeles,personalinjurylawyerslosangeles.com,36
,Los Angeles,centerforhumanrights.org,45
,Los Angeles,mlb.com,91
,Los Angeles,wclp.org,51
,Los Angeles,consumerwatchdog.org,68
,Los Angeles,ropers.com,32
,Los Angeles,housingrightscenter.org,41
,Los Angeles,jobstomoveamerica.org,45
,Los Angeles,calendow.org,55
,Los Angeles,jacksonllp.com,32
,Los Angeles,deloitte.com,92
,Los Angeles,hugheshubbard.com,44
,Los Angeles,bingham.com,47
,Los Angeles,pwc.com,86
,Los Angeles,immigrationlawyerslosangeles.com,34
,Los Angeles,biologicaldiversity.org,74
,Los Angeles,uclahealth.org,74
,Los Angeles,akingump.com,58
,Los Angeles,homeboyindustries.org,60
,Los Angeles,egattorneys.com,33
,Los Angeles,bdo.com,60
,Los Angeles,pacificattorneygroup.com,48
,Los Angeles,bragertaxlaw.com,39
,Los Angeles,freedomxlaw.com,35
,Los Angeles,calfund.org,58
,Los Angeles,psbr.law,49
,Los Angeles,bsfllp.com,55
,Los Angeles,kilpatricktownsend.com,52
,Los Angeles,discriminationandsexualharassmentlawyers.com,39
,Los Angeles,shegerianlaw.com,41
,Los Angeles,jhandel.com,30
,Los Angeles,ethics.lacity.org,77
,Los Angeles,forever21.com,84
,Los Angeles,condonlaw.com,30
,Los Angeles,radnet.com,51
,Los Angeles,aegpresents.com,63
,Los Angeles,viacomcbs.com,59
,Los Angeles,wsgr.com,57
,Los Angeles,thompsoncoe.com,32
,Los Angeles,lpc.com,38
,Los Angeles,youtube.com,100
,Los Angeles,createmusicgroup.com,33
,Los Angeles,greenlawcorp.com,31
,Los Angeles,proskauer.com,60
,Los Angeles,mcgeelerer.com,30
,Los Angeles,hinshawlaw.com,49
,Los Angeles,farzadlaw.com,40
,Los Angeles,keystone-law.com,33
,Los Angeles,foxrothschild.com,59
,Los Angeles,sullcrom.com,55
,Los Angeles,zuberlaw.com,30
,Los Angeles,jacobyandmeyers.com,35
,Los Angeles,birdmarella.com,35
,Los Angeles,wilsonelser.com,51
,Los Angeles,quinnemanuel.com,56
,Los Angeles,sidley.com,59
,Los Angeles,nortonrosefulbright.com,62
,Los Angeles,mintz.com,56
,Los Angeles,ovationtv.com,58
,Los Angeles,cushwake.com,58
,Los Angeles,foley.com,61
,Los Angeles,westcoasttriallawyers.com,44
,Los Angeles,infolawgroup.com,46
,Los Angeles,atty.lacity.org,77
,Los Angeles,sggimmigration.com,32
,Los Angeles,nixonpeabody.com,56
,Los Angeles,kbklawyers.com,33
,Los Angeles,danielperlmanlaw.com,35
,Los Angeles,lacourt.org,61
,Los Angeles,winston.com,58
,Los Angeles,consensus.com,37
,Los Angeles,akerman.com,53
,Los Angeles,sgrlaw.com,50
,Los Angeles,rmkb.com,33
,Los Angeles,thedrlc.org,42
,Los Angeles,mcguirewoods.com,57
,Los Angeles,gmlaw.com,43
,Los Angeles,dga.org,69
,Los Angeles,cjamerica.com,30
,Los Angeles,childrenofthenight.org,49
,Los Angeles,mto.com,49
,Los Angeles,andersonkill.com,43
,Los Angeles,mrllp.com,39
,Los Angeles,8minute.com,33
,Los Angeles,dwt.com,59
,Los Angeles,skirball.org,59
,Los Angeles,hueston.com,35
,Los Angeles,amglaw.com,37
,Los Angeles,lavelysinger.com,40
,Los Angeles,jenesse.org,47
,Los Angeles,disabilityrightsca.org,56
,Los Angeles,constangy.com,49
,Los Angeles,msk.com,45
,Los Angeles,communitypartners.org,41
,Los Angeles,calaborlaw.com,39
,Los Angeles,swcarpenters.org,32
,Los Angeles,jenner.com,59
,Los Angeles,ucnrs.org,50
,Los Angeles,stroock.com,52
,Los Angeles,bakermckenzie.com,66
,Los Angeles,pryorcashman.com,47
,Los Angeles,garmentworkercenter.org,41
,Los Angeles,documate.org,36
,Los Angeles,afslaw.com,56
,Los Angeles,steptoe.com,59
,Los Angeles,withersworldwide.com,54
,Los Angeles,greenbergglusker.com,51
,Los Angeles,dykema.com,48
,Los Angeles,venable.com,58
,Los Angeles,btlaw.com,51
,Los Angeles,alotrolado.org,50
,Los Angeles,clarkhill.com,52
,Los Angeles,nelsonhardiman.com,40
,Los Angeles,hansonbridgett.com,44
,Los Angeles,publiccounsel.org,58
,Los Angeles,allenovery.com,61
,Los Angeles,arashlaw.com,33
,Los Angeles,healthlaw.org,58
,Los Angeles,willkie.com,53
,Los Angeles,dlapiper.com,66
,Los Angeles,innercitylaw.org,42
,Los Angeles,kirkland.com,59
,Los Angeles,grydfoundation.org,36
,Los Angeles,skadden.com,60
,Los Angeles,citywidelaw.com,38
,Los Angeles,personalinjurylawcal.com,34
,Los Angeles,kdvlaw.com,33
,Los Angeles,vedderprice.com,41
,Los Angeles,loeb.com,54
,Los Angeles,maynardcooper.com,39
,Los Angeles,lambdalegal.org,69
,Los Angeles,omm.com,58
,Los Angeles,werksmanjackson.com,35
,Los Angeles,kyccla.org,36
,Los Angeles,lawa.org,65
,Los Angeles,anewwayoflife.org,52
,Los Angeles,employmentattorneyla.com,34
,Los Angeles,wilshirelawfirm.com,37
,Los Angeles,thehartford.com,67
,Los Angeles,edn.la,30
,Los Angeles,icwclaw.org,39
,Los Angeles,katten.com,48
,Los Angeles,pszjlaw.com,38
,Los Angeles,psblaw.com,48
,Los Angeles,pecklaw.com,34
,Los Angeles,earlysullivan.com,31
,Los Angeles,fmbklaw.com,40
,Los Angeles,zuberlawler.com,34
,Los Angeles,kslaw.com,58
,Los Angeles,mofo.com,62
,Los Angeles,wmg.com,66
,Los Angeles,lacityattorney.org,55
,Los Angeles,genieharrisonlaw.com,40
,Los Angeles,polsinelli.com,51
,Los Angeles,seyfarth.com,57
,Los Angeles,huschblackwell.com,53
,Los Angeles,zfclaw.com,30
,Los Angeles,teamwass.com,52
,Los Angeles,supportkind.org,59
,Los Angeles,jnylaw.com,30
,Los Angeles,roland.com,77
,Los Angeles,hotbench.tv,38
,Los Angeles,miryslist.org,42
,Los Angeles,andersen.com,55
,Los Angeles,tuckerellis.com,40
,Los Angeles,downtownlalaw.com,34
,Los Angeles,kutakrock.com,44
,Los Angeles,kacla.org,37
,Los Angeles,ckrlaw.com,30
,Los Angeles,clydeco.com,56
,Los Angeles,victimslawyer.com,37
,Los Angeles,riotgames.com,76
,Los Angeles,thompsoncoburn.com,52
,Los Angeles,adrservices.com,36
,Los Angeles,harrispersonalinjury.com,32
,Los Angeles,munckwilson.com,35
,Los Angeles,armaninollp.com,49
,Los Angeles,harrisbricken.com,62
,Los Angeles,duilawyerlosangeles.com,32
,Los Angeles,weitzlux.com,50
,Los Angeles,irell.com,40
,Los Angeles,bhfs.com,52
,Los Angeles,brookskushman.com,31
,Los Angeles,huntonak.com,60
,Los Angeles,pillsburylaw.com,59
,Los Angeles,dinsmore.com,45
,Los Angeles,duanemorris.com,57
,Los Angeles,1cbank.com,30
,Los Angeles,thaicdc.org,35
,Los Angeles,thebarnesfirm.com,32
,Los Angeles,dechert.com,55
,Los Angeles,glancylaw.com,44
,Los Angeles,sites.google.com,97
,Los Angeles,peifferwolf.com,43
,Los Angeles,hpylaw.com,35
,Los Angeles,mhas-la.org,31
,Los Angeles,bettzedek.org,41
,Los Angeles,arentfox.com,54
,Los Angeles,seiu.org,64
,Los Angeles,ftllp.com,30
,Los Angeles,stris.com,42
,Los Angeles,yourlegalcorner.com,37
,Los Angeles,rimonlaw.com,43
,Los Angeles,roberthalf.com,80
,Los Angeles,cargolaw.com,48
,Los Angeles,sonifi.com,45
,Los Angeles,fordharrison.com,47
,Los Angeles,mckoolsmith.com,44
,Los Angeles,lemonlawexperts.com,31
,Los Angeles,melmedlaw.com,31
,Los Angeles,goodwinlaw.com,54
,Los Angeles,bgrfirm.com,42
,Los Angeles,perkinscoie.com,59
,Los Angeles,arnoldporter.com,58
,Los Angeles,zimmreed.com,41
,Los Angeles,johnyelaw.com,63
,Los Angeles,paramount.com,83
,Los Angeles,cnb.com,53
,Los Angeles,durietangri.com,40
,Los Angeles,squirepattonboggs.com,60
,Los Angeles,justdetention.org,56
,Los Angeles,afj.org,59
,Los Angeles,blueelan.com,38
,Los Angeles,hptylaw.com,31
,Los Angeles,stradlinglaw.com,40
,Los Angeles,opusa.org,58
,Los Angeles,nozomisogo.gr.jp,30
,Los Angeles,lathropgpm.com,47
,Los Angeles,wagensellerlaw.com,31
,Los Angeles,dentons.com,64
,Los Angeles,baumhedlundlaw.com,58
,Los Angeles,dominguezfirm.com,38
,Los Angeles,bolderadvocacy.org,44
,Los Angeles,hoganlovells.com,64
,Los Angeles,lacba.org,50
,Los Angeles,legionm.com,49
,Los Angeles,entertainmentstudios.com,54
,Los Angeles,greendot.org,48
,Los Angeles,ballardspahr.com,57
,Los Angeles,maldef.org,63
,Los Gatos,smwb.com,33
,Los Gatos,nextracker.com,43
,Malibu,hrl.com,57
,Manhattan Beach,taylorring.com,36
,Marina Del Rey,garnerhealth.com,34
,Mather,hackardlaw.com,30
,Menlo Park,sofinnova.com,41
,Menlo Park,recurrentenergy.com,45
,Menlo Park,davispolk.com,60
,Menlo Park,stimmel-law.com,42
,Menlo Park,carrferrell.com,41
,Menlo Park,cepheid.com,58
,Mill Valley,bergermontague.com,48
,Mill Valley,shadesofgraylaw.com,50
,Mission Hills,unicomglobal.com,30
,Mission Viejo,tinnellylaw.com,32
,Mission Viejo,clausen.com,31
,Mission Viejo,razavilawgroup.com,68
,Mission Viejo,zwicklaw.com,30
,Modesto,stanislaus-da.org,32
,Modesto,tomhoganlaw.com,31
,Modesto,calbar.ca.org,52
,Modesto,berginjurylawyers.com,34
,Modesto,thesavemartcompanies.com,30
,Modesto,stancounty.com,47
,Monrovia,foleymansfield.com,31
,Monrovia,complianceposter.com,34
,Monterey,monterey.org,58
,Monterey Park,yanglawoffices.com,31
,Monterey Park,citationmachine.net,57
,Moraga,ledermanlaw.net,30
,Mountain View,alcorn.law,40
,Mountain View,stairwell.com,42
,Mountain View,purestorage.com,61
,Mountain View,schwabe.com,39
,Mountain View,gcalaw.com,30
,Mountain View,fenwick.com,59
,Mountain View,confluent.io,63
,Mountain View,intuit.com,91
,Mountain View,justia.com,90
,Mountain View,google.com,100
,Murrieta,rivcoda.org,50
,Murrieta,westoverlaw.com,32
,N Hollywood,davidovichlaw.com,30
,Napa,cityofnapa.org,51
,Napa,coblentzlaw.com,34
,Napa,countyofnapa.org,57
,Napa,napalandtrust.org,38
,Napa,saber.net,32
,Napa,baylegal.org,43
,Nevada City,mynevadacounty.com,52
,Newark,logitech.com,90
,Newark,lucidmotors.com,61
,Newport Beach,dkblawyers.com,33
,Newport Beach,mccarthy.com,49
,Newport Beach,mkhaccidentattorneys.com,53
,Newport Beach,robinsonfirm.com,35
,Newport Beach,onderlaw.com,33
,Newport Beach,vorys.com,48
,Newport Beach,cordellcordell.com,47
,Newport Beach,bestattorney.com,40
,Newport Beach,expertlawfirm.com,34
,Newport Beach,newmeyerdillion.com,32
,Newport Beach,nehoralaw.com,33
,Newport Beach,kleinandwilson.com,35
,Newport Beach,pacificlife.com,54
,Newport Beach,jmvlaw.com,32
,Newport Beach,ledgerlaw.com,36
,Newport Beach,wilsontaxlaw.com,30
,Newport Beach,muchlaw.com,39
,Newport Beach,sweetjames.com,31
,Newport Beach,landseahomes.com,41
,Newport Beach,sweetlaw.com,34
,Northridge,kantorlaw.net,41
,Norwalk,communitylegalsocal.org,37
,Norwalk,nlmusd.org,38
,Novato,techfirm.com,50
,Oak Park,lawofficeofmichaelporter.godaddysites.com,83
,Oakland,zelle.com,42
,Oakland,sedgwick.com,53
,Oakland,baykeeper.org,44
,Oakland,centrolegal.org,47
,Oakland,gbdhlegal.com,37
,Oakland,travellaw.com,34
,Oakland,publicjustice.net,54
,Oakland,laaconline.org,36
,Oakland,wcirb.com,42
,Oakland,esilverlaw.com,30
,Oakland,bayareabicyclelaw.com,33
,Oakland,cutterlaw.com,32
,Oakland,wolfsdorf.com,38
,Oakland,thenieveslawfirm.com,30
,Oakland,goteleport.com,48
,Oakland,equaljusticeworks.org,54
,Oakland,stanfordhealthcare.org,68
,Oakland,tzlegal.com,38
,Oakland,howardkane.strikingly.com,86
,Oakland,youthlaw.org,53
,Oakland,oles.com,33
,Oakland,fvlc.org,34
,Oakland,dolanlawfirm.com,41
,Oakland,cceb.org,43
,Oakland,lashicap.org,35
,Oakland,cwci.org,34
,Oakland,landerholmimmigration.com,35
,Oakland,sheredling.com,42
,Oakland,kerleyschaffer.com,34
,Oakland,rootandrebound.org,42
,Oakland,heraca.org,33
,Oakland,oaklandcityattorney.org,44
,Oakland,kazanlaw.com,38
,Oakland,donahue.com,35
,Oakland,wendel.com,35
,Oakland,theselc.org and janelleorsi.com,32
,Oakland,classlawgroup.com,49
,Oakland,moskowitzllp.com,37
,Oakland,dlgteam.com,30
,Oakland,ebmud.com,54
,Oakland,heathermeeker.com,32
,Oakland,levyvinick.com,40
,Oakland,apilegaloutreach.org,39
,Oakland,baileyglasser.com,39
,Oakland,wmlawyers.com,41
,Oakland,rhdtlaw.com,38
,Oakland,publicrightsproject.org,33
,Oakland,alcoda.org,51
,Oakland,kaplanfox.com,39
,Oakland,coinbase.com,91
,Oakland,ceb.com,51
,Oakland,pilpca.org,31
,Oakland,positivecoach.org,57
,Oakland,equaljusticesociety.org,47
,Oakland,changelabsolutions.org,51
,Ontario,warehouseworkers.org,43
,Ontario,inlandlegal.org,35
,Ontario,cardenasmarkets.com,41
,Ontario,darraslaw.com,35
,Orange,rothstaffing.com,31
,Orange,cityoforange.org,51
,Orange,california-business-lawyer-corporate-lawyer.com,54
,Orange,us.falck.com,46
,Orinda,gjel.com,46
,Orinda,research.ceb.com,51
,Oroville,buttecounty.net,60
,Oxnard,oxnard.org,44
,Oxnard,calblogofappeal.com,32
,Palo Alto,hopkinscarley.com,32
,Palo Alto,hellobrightline.com,35
,Palo Alto,shutterfly.com,83
,Palo Alto,moore.org,60
,Palo Alto,applovin.com,64
,Palo Alto,lowenstein.com,54
,Palo Alto,kayescholer.com,43
,Palo Alto,stockoptioncounsel.com,36
,Palo Alto,brewerfirm.com,32
,Palo Alto,cooley.com,58
,Palo Alto,computerlaw.com,30
,Palo Alto,tencent.com,86
,Palo Alto,finnegan.com,54
,Palo Alto,denodo.com,49
,Palo Alto,wilmerhale.com,64
,Palo Alto,iff.com,57
,Palo Alto,gong.io,52
,Palo Cedro,hermanlaw.com,45
,Pasadena,markbaeresq.com,32
,Pasadena,westernjustice.org,34
,Pasadena,purposedrivenlawyers.com,31
,Pasadena,azadianlawgroup.com,31
,Pasadena,heliogen.com,46
,Pasadena,hacklerflynnlaw.com,30
,Pasadena,foster.com,50
,Pasadena,eastwestbank.com,54
,Pasadena,hodgen.com,38
,Pasadena,cityofpasadena.net,60
,Pasadena,hadsellstormer.com,33
,Pasadena,scopelitis.com,34
,Pasadena,trustlawpartners.com,35
,Petaluma,cityofpetaluma.org,48
,Petaluma,ygrene.com,43
,Petaluma,skicalifornia.org,40
,Playa Del Rey,oirgroup.com,38
,Playa Vista,meetmeyerlaw.com,31
,Playa Vista,icann.org,93
,Playa Vista,gunder.com,43
,Playa Vista,meta.com,53
,Pleasanton,hogefenton.com,37
,Pleasanton,icemortgagetechnology.com,56
,Pleasanton,iiabcal.org,35
,Rancho Cordova,progressive.com,71
,Rancho Cucamonga,iehp.org,43
,Rancho Santa Fe,apricusbio.com,37
,Rancho Santa Fe,sollertis.com,30
,Rch Cucamonga,myrightslawgroup.com,54
,Redding,cityofredding.org,53
,Redlands,cityofredlands.org,48
,Redondo Beach,wedgewood-inc.com,36
,Redondo Beach,courtroomwarrior.com,34
,Redwood City,viforpharma.com,51
,Redwood City,kramerlevin.com,55
,Redwood City,pubmatic.com,69
,Redwood City,deweyleboeuf.com,46
,Redwood City,bankruptcyinbrief.com,33
,Redwood City,freshfields.us,53
,Redwood City,zazzle.com,87
,Redwood City,legalaidsmc.org,37
,Redwood City,fr.com,66
,Redwood City,weil.com,57
,Richmond,casp.net,51
,Richmond,rubiconprograms.org,41
,Riverside,rinconconsultants.com,30
,Riverside,heitingandirwin.com,32
,Riverside,wklaw.com,52
,Riverside,riziolawfirm.com,62
,Riverside,gddlaw.com,36
,Riverside,talkovlaw.com,43
,Riverside,rivco.org,50
,Rncho Cordova,remaxgold.com,35
,Rohnert Park,casneredwards.com,33
,Rosemead,sce.com,65
,Roseville,adventisthealth.org,59
,Roseville,bairdwealth.com,38
,Roseville,wrightlawyers.com,55
,S San Fran,flyzipline.com,60
,S San Fran,guingonalaw.multiscreensite.com,68
,Sacramento,peoplefinders.com,59
,Sacramento,phcdocs.org,38
,Sacramento,molinahealthcare.com,58
,Sacramento,accredible.com,44
,Sacramento,earthquakeauthority.com,53
,Sacramento,justice4you.com,33
,Sacramento,car.org,59
,Sacramento,resourceslegacyfund.org,36
,Sacramento,rcrcnet.org,40
,Sacramento,autoaccident.com,41
,Sacramento,speaker.asmdc.org,64
,Sacramento,eversheds-sutherland.com,61
,Sacramento,divorcepage.com,31
,Sacramento,ey.com,89
,Sacramento,cityofsacramento.org,67
,Sacramento,kassounilaw.com,32
,Sacramento,communitywatercenter.org,46
,Sacramento,calhospital.org,52
,Sacramento,kmtg.com,33
,Sacramento,my.stoel.com,51
,Sacramento,coveredca.com,66
,Sacramento,smud.org,57
,Sacramento,emtrain.com,45
,Sacramento,uprightlaw.com,38
,Sacramento,mcmanislaw.com,35
,Sacramento,stoel.com,51
,Sacramento,countycounsel.saccounty.net,62
,Sacramento,sacda.org,50
,Sacramento,downeybrand.com,33
,Sacramento,murphyaustin.com,31
,Sacramento,upliftfs.org,42
,Sacramento,my-sisters-house.org,31
,Sacramento,injury-attorneys.com,35
,Sacramento,csea.com,40
,Sacramento,cmspcounties.org,30
,Sacramento,publicdefender.saccounty.net,62
,Sacramento,dbbwc.com,33
,Sacramento,pacificlegal.org,59
,Sacramento,biodiesel.org,57
,Sacramento,centene.com,58
,Sacramento,judicatewest.com,30
,Sacramento,somachlaw.com,31
,San Anselmo,civilrightsca.com,37
,San Bernrdno,sb-court.org,48
,San Bernrdno,krasneylaw.net,31
,San Bruno,tahirih.org,57
,San Carlos,natera.com,55
,San Clemente,insuranceandestates.com,31
,San Clemente,rainbowsandals.com,53
,San Diego,caichildlaw.org,40
,San Diego,firstfoundationinc.com,43
,San Diego,bhgrlaw.com,31
,San Diego,bennerlawfirm.com,57
,San Diego,ncrconline.com,43
,San Diego,hkm.com,44
,San Diego,cookalliance.org,33
,San Diego,menslegal.com,33
,San Diego,bajajdefense.com,34
,San Diego,ebtrialattorneys.com,33
,San Diego,alliantinsurance.com,36
,San Diego,bbb.org,91
,San Diego,thegomezfirm.com,38
,San Diego,nelsonmullins.com,50
,San Diego,pacificaseniorliving.com,38
,San Diego,seniorlaw-sd.org,30
,San Diego,biomedrealty.com,38
,San Diego,lawofficeimmigration.com,32
,San Diego,cannon.com,35
,San Diego,guildmortgage.com,51
,San Diego,burnstheattorney.com,30
,San Diego,icwgroup.com,41
,San Diego,speakupnow.org,40
,San Diego,scott-scott.com,35
,San Diego,thebklawyers.com,33
,San Diego,berding-weil.com,37
,San Diego,jfssd.org,46
,San Diego,gsmiweb.com,31
,San Diego,qualcomm.com,84
,San Diego,wf-lawyers.com,44
,San Diego,nfclegal.com,32
,San Diego,alanedmunds.com,30
,San Diego,forpurposelaw.com,33
,San Diego,petco.com,76
,San Diego,trustandwill.com,50
,San Diego,sevenslegal.com,35
,San Diego,hologic.com,59
,San Diego,sandag.org,53
,San Diego,solvenergy.com,30
,San Diego,minellalawgroup.com,30
,San Diego,dpr.com,54
,San Diego,hgfenton.com,31
,San Diego,sambrotman.com,33
,San Diego,privacyrights.org,65
,San Diego,bridgebank.com,35
,San Diego,hamparyan.com,32
,San Diego,organovo.com,62
,San Diego,innovativeemployeesolutions.com,40
,San Diego,edf-re.com,48
,San Diego,hahnlaw.com,39
,San Diego,thetaxlawyer.com,31
,San Diego,sandiegocriminalattorneys.org,55
,San Diego,swsslaw.com,32
,San Diego,jurewitz.com,35
,San Diego,dexcom.com,65
,San Diego,casacornelia.org,35
,San Diego,higgslaw.com,39
,San Diego,lajollabluebook.com,35
,San Diego,americannationalinvestments.com,40
,San Diego,generalitravelinsurance.com,46
,San Diego,haelaw.com,37
,San Diego,cbiz.com,55
,San Diego,sudprop.com,39
,San Diego,calapp.blogspot.com,40
,San Diego,scrippshealth.org,40
,San Diego,adrservices.org,34
,San Diego,rescueagency.com,35
,San Diego,californiainnocenceproject.org,55
,San Diego,caseygerry.com,31
,San Diego,davidpshapirolaw.com,36
,San Diego,bipc.com,50
,San Diego,lassd.org,39
,San Diego,rgrdlaw.com,57
,San Diego,nakaselawfirm.com,56
,San Diego,scmv.com,31
,San Diego,sdvlp.org,39
,San Diego,ramoscriminallawyer.com,31
,San Diego,brettpetersonlaw.com,49
,San Diego,laborlawyers.com,47
,San Diego,seriousaccidents.com,43
,San Diego,divx.com,83
,San Diego,allianceforhope.com,36
,San Diego,biolinq.com,34
,San Diego,kleinfelder.com,42
,San Diego,wellpathcare.com,42
,San Diego,restislaw.com,37
,San Diego,earthjustice.org,71
,San Diego,markhamlawfirm.com,31
,San Diego,yourlawoffice.com,30
,San Diego,sanfordheisler.com,50
,San Diego,allenbarron.com,32
,San Diego,watkinsfirm.com,31
,San Diego,mccarthyholthus.com,31
,San Diego,mcclellanlaw.com,35
,San Diego,icumed.com,46
,San Diego,1900law.com,32
,San Diego,wilsonturnerkosmo.com,30
,San Diego,hackinglawpractice.com,38
,San Diego,pattersonsheridan.com,36
,San Diego,whafh.com,46
,San Diego,zalkin.com,32
,San Fernando,prg.com,51
,San Francisco,parker.org,47
,San Francisco,kobrekim.com,42
,San Francisco,gibney.com,31
,San Francisco,rbgg.com,44
,San Francisco,stewart.com,55
,San Francisco,clarkconstruction.com,50
,San Francisco,picsart.com,84
,San Francisco,databricks.com,74
,San Francisco,jackson-hertogs.com,31
,San Francisco,shearman.com,58
,San Francisco,timebyping.com,33
,San Francisco,beneschlaw.com,43
,San Francisco,advancingjustice-alc.org,52
,San Francisco,araborganizing.org,40
,San Francisco,inventuslaw.com,31
,San Francisco,ylc.org,41
,San Francisco,chesaboudin.com,40
,San Francisco,eisgroup.com,36
,San Francisco,ilrc.org,61
,San Francisco,legalimpactforchickens.org,34
,San Francisco,braze.com,61
,San Francisco,hausfeld.com,51
,San Francisco,oldrepublictitle.com,44
,San Francisco,sfgiants.com,49
,San Francisco,ksfcounsel.com,35
,San Francisco,iibayarea.org,38
,San Francisco,anyroad.com,44
,San Francisco,rachelle-chong.strikingly.com,86
,San Francisco,sfrb.org,50
,San Francisco,bicyclelaw.com,46
,San Francisco,lenos.com,47
,San Francisco,eff.org,90
,San Francisco,webcor.com,38
,San Francisco,calstartuplawfirm.com,31
,San Francisco,andysirkin.com,35
,San Francisco,aclunc.org,69
,San Francisco,homebaseccc.org,35
,San Francisco,lieffcabraser.com,61
,San Francisco,unison.com,52
,San Francisco,tpl.org,64
,San Francisco,rjo.com,38
,San Francisco,dhillonlaw.com,49
,San Francisco,legalist.com,45
,San Francisco,altshulerberzon.com,32
,San Francisco,techsoup.org,78
,San Francisco,sfhp.org,39
,San Francisco,pwdf.org,30
,San Francisco,rosenbergfound.org,39
,San Francisco,girardgibbs.com,56
,San Francisco,scribd.com,94
,San Francisco,pge.com,69
,San Francisco,salesforce.com,92
,San Francisco,masterclass.com,70
,San Francisco,socialmediavictims.org,45
,San Francisco,kellergrover.com,31
,San Francisco,evanslaw.com,30
,San Francisco,autodesk.com,91
,San Francisco,shopcanopy.com,42
,San Francisco,ajg.com,61
,San Francisco,debevoise.com,56
,San Francisco,okcoin.com,51
,San Francisco,sfsuperiorcourt.org,54
,San Francisco,beveragelaw.com,34
,San Francisco,goldengatesports.com,53
,San Francisco,carecensf.org,36
,San Francisco,cja.org,58
,San Francisco,cbdlaw.com,31
,San Francisco,celo.org,46
,San Francisco,cacoastkeeper.org,41
,San Francisco,bryancave.com,54
,San Francisco,upwork.com,91
,San Francisco,nka.com,39
,San Francisco,levinsimes.com,40
,San Francisco,smwlaw.com,33
,San Francisco,siliconlegal.com,31
,San Francisco,tylin.com,37
,San Francisco,fbm.com,39
,San Francisco,carbonhealth.com,55
,San Francisco,keker.com,42
,San Francisco,onejustice.org,34
,San Francisco,ottingerlaw.com,38
,San Francisco,veenfirm.com,32
,San Francisco,quantcast.com,90
,San Francisco,industryventures.com,41
,San Francisco,thclinic.org,38
,San Francisco,legalmatch.com,62
,San Francisco,lawchamps.com,38
,San Francisco,walkuplawoffice.com,42
,San Francisco,acbanet.org,40
,San Francisco,paulweiss.com,56
,San Francisco,woodllp.com,49
,San Francisco,krinternetlaw.com,34
,San Francisco,imperfectfoods.com,65
,San Francisco,grantthornton.com,61
,San Francisco,sfbar.org,52
,San Francisco,bdlaw.com,45
,San Francisco,flynnrestaurantgroup.com,33
,San Francisco,frbsf.org,73
,San Francisco,wattsguerra.com,31
,San Francisco,alrp.org,34
,San Francisco,splunk.com,82
,San Francisco,nclrights.org,62
,San Francisco,minamitamaki.com,38
,San Francisco,eastonbellsports.com,33
,San Francisco,harness.io,46
,San Francisco,trelegal.com,30
,San Francisco,callawayandwolf.com,31
,San Francisco,constantinecannon.com,51
,San Francisco,pmanet.org,48
,San Francisco,mjqlaw.com,42
,San Francisco,bermantabacco.com,32
,San Francisco,snap.com,85
,San Francisco,sideman.com,38
,San Francisco,tobenerlaw.com,33
,San Francisco,sflg.com,34
,San Francisco,girardsharp.com,35
,San Francisco,medium.com,95
,San Francisco,sfcriminallawspecialist.com,33
,San Francisco,schnader.com,43
,San Francisco,kaplankirsch.com,33
,San Francisco,turn.org,47
,San Francisco,rennepubliclawgroup.com,39
,San Francisco,kpbimmigrationlawfirm.com,32
,San Francisco,lrcl.org,32
,San Francisco,axinn.com,35
,San Francisco,kennedyslaw.com,46
,San Francisco,newrelic.com,81
,San Francisco,aswllp.com,31
,San Francisco,gammalaw.com,39
,San Francisco,richmanlawpolicy.com,30
,San Francisco,hingehealth.com,48
,San Francisco,bal.com,46
,San Francisco,munichre.com,69
,San Francisco,schiffhardin.com,48
,San Francisco,rezlaw.com,51
,San Francisco,guptawessler.com,43
,San Francisco,front.com,56
,San Francisco,instacart.com,72
,San Francisco,sfpublicdefender.org,47
,San Francisco,adr.org,74
,San Francisco,clearygottlieb.com,55
,San Francisco,corporateimmigrationpartners.com,34
,San Francisco,khlaw.com,41
,San Francisco,outsidegc.com,32
,San Francisco,outtengolden.com,51
,San Francisco,vondranlegal.com,40
,San Francisco,brandilaw.com,31
,San Francisco,dolby.com,81
,San Francisco,saverilawfirm.com,34
,San Francisco,smithcurrie.com,35
,San Francisco,classactionlawyers.com,35
,San Francisco,publicadvocates.org,44
,San Francisco,patternenergy.com,47
,San Francisco,cwclaw.com,31
,San Francisco,kasowitz.com,52
,San Francisco,bnymellonwealth.com,47
,San Francisco,statesuniteddemocracy.org,51
,San Francisco,rftmlaw.com,31
,San Francisco,bullivant.com,34
,San Francisco,legalaidatwork.org,53
,San Francisco,bendlawoffice.com,43
,San Francisco,byjus.com,67
,San Francisco,sfdistrictattorney.org,57
,San Francisco,velaw.com,54
,San Francisco,pangealegal.org,38
,San Francisco,fieldfisher.com,57
,San Francisco,opendoorlegal.org,30
,San Francisco,leclairryan.com,45
,San Jose,compensia.com,35
,San Jose,cisco.com,92
,San Jose,bowmanandbrooke.com,37
,San Jose,habbaslaw.com,30
,San Jose,maps.org,71
,San Jose,parsequalitycenter.org,36
,San Jose,harmonicinc.com,55
,San Jose,zoom.us,93
,San Jose,tdk-ventures.com,30
,San Jose,thoughtspot.com,51
,San Jose,westerndigital.com,74
,San Jose,poly.com,82
,San Jose,asianlawalliance.org,36
,San Jose,alvarezandmarsal.com,59
,San Jose,scscourt.org,57
,San Jose,cei.com,38
,San Jose,lawfoundation.org,38
,San Jose,summitdefense.com,33
,San Jose,bloomenergy.com,59
,San Jose,sdap.org,34
,San Jose,aeschlemanlaw.com,32
,San Jose,slwip.com,34
,San Jose,qorvo.com,58
,San Leandro,acphd.org,58
,San Luis Obispo,ernstlawgroup.com,34
,San Luis Obispo,slocity.org,51
,San Luis Obispo,newtimesslo.com,55
,San Luis Obispo,tolosawinery.com,39
,San Luis Obispo,mayfirm.com,40
,San Mateo,momentive.ai,51
,San Mateo,verkada.com,48
,San Mateo,playstation.com,93
,San Mateo,evisort.com,38
,San Mateo,newfront.com,36
,San Mateo,aryaka.com,49
,San Mateo,armory.io,41
,San Mateo,en.wikipedia.org,98
,San Pedro,internetlawcenter.net,34
,San Pedro,rainbowservicesdv.org,34
,San Rafael,drinkerbiddle.com,51
,San Rafael,firstamendmentcoalition.org,55
,San Rafael,canalalliance.org,38
,San Rafael,marincounty.org,60
,San Rafael,agingparents.com,39
,San Ramon,martinmarietta.com,47
,San Ramon,chevron.com,74
,San Ramon,russbrown.com,41
,Santa Ana,socaladvocates.com,36
,Santa Ana,firstam.com,60
,Santa Ana,publiclawcenter.org,39
,Santa Ana,chamberslawfirmca.com,33
,Santa Ana,recordgone.com,41
,Santa Ana,bcattorneys.com,33
,Santa Ana,occourts.org,55
,Santa Ana,robertreeveslaw.com,41
,Santa Ana,damfirm.com,38
,Santa Ana,orangecountyda.org,57
,Santa Ana,callahan-law.com,39
,Santa Ana,aitkenlaw.com,31
,Santa Ana,higbeeassociates.com,35
,Santa Barbara,environmentaldefensecenter.org,47
,Santa Barbara,montecito.bank,36
,Santa Barbara,socalip.com,31
,Santa Barbara,countyofsb.org,63
,Santa Barbara,nolo.com,71
,Santa Barbara,cappellonoel.com,32
,Santa Barbara,vna.health,33
,Santa Barbara,bamiehdesmeth.com,35
,Santa Barbara,umbra.space,32
,Santa Barbara,onlinetrademarkattorneys.com,30
,Santa Clara,ericgoldman.org,63
,Santa Clara,housing.org,45
,Santa Clara,persistent.com,54
,Santa Clara,picarro.com,45
,Santa Clara,agilent.com,67
,Santa Clara,servicenow.com,81
,Santa Clara,intel.com,92
,Santa Clara,nvidia.com,92
,Santa Cruz,divorcehelp.com,31
,Santa Cruz,gapatton.net,31
,Santa Maria,cityofsantamaria.org,42
,Santa Monica,cfli.com,41
,Santa Monica,buckleyfirm.com,52
,Santa Monica,blockchain.com,81
,Santa Monica,rand.org,80
,Santa Monica,ashurst.com,54
,Santa Monica,douglasemmett.com,41
,Santa Monica,kwikhlaw.com,44
,Santa Monica,hirschlerlaw.com,37
,Santa Monica,lawaterkeeper.org,40
,Santa Monica,macerich.com,53
,Santa Monica,reitlerlaw.com,35
,Santa Monica,nrdc.org,82
,Santa Monica,marklitwak.com,37
,Santa Monica,hellotomo.com,32
,Santa Monica,mesrianilaw.com,34
,Santa Monica,universalmusic.com,75
,Santa Monica,bartonesq.com,32
,Santa Rosa,sonoma-county.org,55
,Santa Rosa,legalaidsc.org,30
,Santa Rosa,willsandtrustssonomacounty.com.com,92
,Seal Beach,imdb.com,95
,Sebastopol,omarfigueroa.com,38
,Sherman Oaks,rrexparris.com,30
,Sherman Oaks,stubbsalderton.com,36
,Sherman Oaks,motionpictures.org,60
,Sherman Oaks,steerslawfirm.com,32
,South San Francisco,intervenn.com,33
,Stockton,wildlandsnetwork.org,48
,Stockton,sjcourts.org,38
,Studio City,bklaw.com,32
,Studio City,ticketclinic.com,36
,Studio City,colbylegal.com,30
,Studio City,epersonalinjurylawyers.com,30
,Sunnyvale,ooma.com,60
,Sunnyvale,volvocars.com,85
,Sunnyvale,lockheedmartin.com,77
,Sunnyvale,rti.com,50
,Sunnyvale,dickinsonwright.com,31
,Sunnyvale,actian.com,60
,Sunnyvale,dickinson-wright.com,50
,Sunnyvale,themyersbriggs.com,61
,Temecula,temeculadivorce.com,32
,Thousand Oaks,integer.net,41
,Torrance,greghillassociates.com,38
,Torrance,shusterman.com,50
,Torrance,g.co,92
,Torrance,gorilaw.com,35
,Trabuco Cyn,indiesemi.com,33
,Truckee,portersimon.com,34
,Truckee,roofstock.com,51
,Turlock,rescue.org,80
,Tustin,vetslegal.com,33
,Tustin,triconresidential.com,44
,Tustin,karlinlaw.com,33
,Tustin,abm.com,57
,Tustin,wksexcrimes.com,39
,Tustin,kjslaw.com,63
,Tustin,vulawoffice.com,40
,Ukiah,mendocinocounty.org,54
,Ukiah,rosenlaw.com,39
,Universal City,nbcuniversal.com,69
,Universal City,peacocktv.com,76
,Vacaville,traviscu.org,49
,Valencia,opolaw.com,45
,Valencia,pooleshaffery.com,30
,Vallejo,meyer.com,32
,Vallejo,cityofvallejo.net,44
,Van Nuys,alfred.com,55
,Van Nuys,airespring.com,37
,Venice,eleusisltd.com,35
,Ventura,ventura.org,55
,Ventura,kannlawoffice.com,31
,Ventura,fcoplaw.com,30
,Visalia,tulareda.org,34
,Vista,bradleycorbettlaw.com,34
,Walnut,kemitchell.com,43
,Walnut,lawandborder.com,46
,Walnut Creek,lubinolson.com.com,92
,Walnut Creek,leydig.com,33
,Walnut Creek,mwg.aaa.com,82
,Walnut Creek,privatebank.bankofamerica.com,84
,Walnut Creek,davidbpastor.com,30
,Watsonville,driscolls.com,60
,Watsonville,santacruzcourt.org,37
,Watsonville,cabinc.org,42
,West Covina,lemgarcialaw.com,34
,West Hills,electrorent.com,46
,West Hills,pharmavite.com,42
,West Hollywood,experiencenve.com,36
,West Hollywood,moneywiselaw.com,32
,West Hollywood,mandourlaw.com,38
,West Sacramento,clarkpacific.com,37
,West Sacramento,calstrs.com,58
,West Sacramento,originmaterials.com,40
,Westlake Village,kmdlaw.com,30
,Westlake Village,atblaw.net,32
,Westlake Village,vititoelawgroup.com,33
,Woodland,yolocounty.org,56
,Woodland,yoloda.org,38
,Woodland,legintent.com,33
,Woodland Hills,kbrlaw.com,33
,Woodland Hills,marcarianlaw.com,55
,Woodland Hills,walzermelcher.com,39
,Woodland Hills,drakelawgroup.com,30
,Woodside,caanet.org,50
